-- ----------------------------
-- 用户表
-- ----------------------------
DROP TABLE IF EXISTS sys_user;
CREATE TABLE sys_user
(
  id VARCHAR(32) NOT NULL COMMENT '主键ID',
  nick_name VARCHAR(32) NULL DEFAULT NULL COMMENT '昵称',
  user_name VARCHAR(32) NOT NULL COMMENT '用户名',
  pass_word VARCHAR(64) NOT NULL COMMENT '密码',
  salt VARCHAR(50) NOT NULL COMMENT '加密盐',
  phone_number VARCHAR(11) DEFAULT NULL COMMENT '手机号',
  email VARCHAR(50) DEFAULT NULL COMMENT '邮箱',
  status TINYINT(1) NOT NULL DEFAULT '0' COMMENT '0是启用,1是禁用',
  create_time TIMESTAMP COMMENT '创建时间',
  update_time TIMESTAMP COMMENT '更新时间',
  PRIMARY KEY(id),
  UNIQUE KEY username(user_name)
) ENGINE=InnoDB DEFAULT CHARSET=UTF8 COMMENT='用户';

-- ----------------------------
-- 用户表数据
-- ----------------------------
INSERT INTO `sys_user` VALUES ('1319171516998582274', 'test', 'test', 'dd3927221f5f01f0fb338c5c714cebfc', 'pezYZ35YUyCU5OVr64YF4g==', NULL, NULL, 0, '2020-10-28 10:54:12', '2020-10-28 10:54:12');
INSERT INTO `sys_user` VALUES ('1321709113132806146', 'root', 'root', 'b9b5c1fdf9aa0648050b7a481ee53029', 'Z9/m8GmqvcmRKXkLyn+SvA==', NULL, NULL, 0, '2020-10-29 15:03:03', '2020-10-29 15:03:03');


-- ----------------------------
-- 角色表
-- ----------------------------
DROP TABLE IF EXISTS sys_role;
CREATE TABLE sys_role
(
  id VARCHAR(32) NOT NULL COMMENT '主键ID',
  name VARCHAR(50) NOT NULL COMMENT '角色名称',
  remark VARCHAR(100) DEFAULT NULL COMMENT '备注',
  status TINYINT(1) NOT NULL DEFAULT '0' COMMENT '0是启用,1是禁用',
  create_time TIMESTAMP COMMENT '创建时间',
  update_time TIMESTAMP COMMENT '更新时间',
  PRIMARY KEY(id),
  UNIQUE KEY name(name)
) ENGINE=InnoDB DEFAULT CHARSET=UTF8 COMMENT '角色';

-- ----------------------------
-- 角色表数据
-- ----------------------------
INSERT INTO `sys_role` VALUES ('1321704376954089474', 'admin', '超级权限', 0, '2020-10-29 14:45:23', '2020-10-29 14:44:14');
INSERT INTO `sys_role` VALUES ('1321704627098185729', 'test', '测试权限', 0, '2020-10-29 14:45:30', '2020-10-29 14:45:13');


-- ----------------------------
-- 用户角色表
-- ----------------------------
DROP TABLE IF EXISTS sys_user_role;
CREATE TABLE sys_user_role
(
  id VARCHAR(32) NOT NULL COMMENT '主键ID',
  user_id VARCHAR(32) NOT NULL COMMENT '用户ID',
  role_id VARCHAR(32) NOT NULL COMMENT '角色ID',
  status TINYINT(1) NOT NULL DEFAULT '0' COMMENT '0是启用,1是禁用',
  create_time TIMESTAMP COMMENT '创建时间',
  update_time TIMESTAMP COMMENT '更新时间',
  PRIMARY KEY(id)
) ENGINE=InnoDB DEFAULT CHARSET=UTF8 COMMENT '用户与角色关系表';

-- ----------------------------
-- 用户角色表数据
-- ----------------------------
INSERT INTO `sys_user_role` VALUES ('1321713032340783106', '1321709113132806146', '1321704376954089474', 0, '2020-10-29 15:18:37', '2020-10-29 15:18:37');
INSERT INTO `sys_user_role` VALUES ('1321713293205520386', '1319171516998582274', '1321704627098185729', 0, '2020-10-29 15:19:40', '2020-10-29 15:19:40');


-- ----------------------------
-- 角色权限表
-- ----------------------------
DROP TABLE IF EXISTS sys_role_permission;
CREATE TABLE sys_role_permission
(
  id VARCHAR(32) NOT NULL COMMENT '主键ID',
  role_id VARCHAR(32) NOT NULL COMMENT '角色ID',
  permission_id VARCHAR(32) NOT NULL COMMENT '权限ID',
  status TINYINT(1) NOT NULL DEFAULT '0' COMMENT '0是启用,1是禁用',
  create_time TIMESTAMP COMMENT '创建时间',
  update_time TIMESTAMP COMMENT '更新时间',
  PRIMARY KEY(id)
) ENGINE=InnoDB DEFAULT CHARSET=UTF8 COMMENT '角色与权限关系表';

-- ----------------------------
-- 角色权限表数据
-- ----------------------------
INSERT INTO `sys_role_permission` VALUES ('1321721854845366274', '1321704376954089474', '1321701314659184642', 0, '2020-10-29 15:53:41', '2020-10-29 15:53:41');
INSERT INTO `sys_role_permission` VALUES ('1321721854845366275', '1321704376954089474', '1321701518804348929', 0, '2020-10-29 15:53:41', '2020-10-29 15:53:41');
INSERT INTO `sys_role_permission` VALUES ('1321721854845366276', '1321704376954089474', '1321701578669649921', 0, '2020-10-29 15:53:41', '2020-10-29 15:53:41');
INSERT INTO `sys_role_permission` VALUES ('1321721854845366277', '1321704376954089474', '1321701699717263362', 0, '2020-10-29 15:53:41', '2020-10-29 15:53:41');
INSERT INTO `sys_role_permission` VALUES ('1321721854845366278', '1321704376954089474', '1321702222080077826', 0, '2020-10-29 15:53:41', '2020-10-29 15:53:41');
INSERT INTO `sys_role_permission` VALUES ('1321721854845366279', '1321704376954089474', '1321702437486948354', 0, '2020-10-29 15:53:41', '2020-10-29 15:53:41');
INSERT INTO `sys_role_permission` VALUES ('1321721854845366280', '1321704376954089474', '1321702511340253185', 0, '2020-10-29 15:53:41', '2020-10-29 15:53:41');
INSERT INTO `sys_role_permission` VALUES ('1321721854845366281', '1321704376954089474', '1321702558584893442', 0, '2020-10-29 15:53:41', '2020-10-29 15:53:41');
INSERT INTO `sys_role_permission` VALUES ('1321721854845366282', '1321704376954089474', '1321702602918686722', 0, '2020-10-29 15:53:41', '2020-10-29 15:53:41');
INSERT INTO `sys_role_permission` VALUES ('1321721854845366283', '1321704376954089474', '1321702729473421314', 0, '2020-10-29 15:53:41', '2020-10-29 15:53:41');
INSERT INTO `sys_role_permission` VALUES ('1321721854845366284', '1321704376954089474', '1321703020411318273', 0, '2020-10-29 15:53:41', '2020-10-29 15:53:41');
INSERT INTO `sys_role_permission` VALUES ('1321721854845366285', '1321704376954089474', '1321703092054224897', 0, '2020-10-29 15:53:41', '2020-10-29 15:53:41');
INSERT INTO `sys_role_permission` VALUES ('1321721854845366286', '1321704376954089474', '1321703143656747010', 0, '2020-10-29 15:53:41', '2020-10-29 15:53:41');
INSERT INTO `sys_role_permission` VALUES ('1321721854845366287', '1321704376954089474', '1321703175218884609', 0, '2020-10-29 15:53:41', '2020-10-29 15:53:41');
INSERT INTO `sys_role_permission` VALUES ('1321721854845366288', '1321704376954089474', '1321703263521566721', 0, '2020-10-29 15:53:41', '2020-10-29 15:53:41');
INSERT INTO `sys_role_permission` VALUES ('1321721854845366289', '1321704376954089474', '1321703324049567745', 0, '2020-10-29 15:53:41', '2020-10-29 15:53:41');
INSERT INTO `sys_role_permission` VALUES ('1321721854845366290', '1321704376954089474', '1321703360791670786', 0, '2020-10-29 15:53:41', '2020-10-29 15:53:41');
INSERT INTO `sys_role_permission` VALUES ('1321721854845366291', '1321704376954089474', '1321703407033872385', 0, '2020-10-29 15:53:41', '2020-10-29 15:53:41');


-- ----------------------------
-- 权限表
-- ----------------------------
DROP TABLE IF EXISTS sys_permission;
CREATE TABLE sys_permission
(
  id VARCHAR(32) NOT NULL COMMENT '主键ID',
  parent_id VARCHAR(32) NOT NULL DEFAULT 0 COMMENT '父级ID',
  name VARCHAR(50) NOT NULL COMMENT '权限名称',
  remark VARCHAR(100) DEFAULT NULL COMMENT '备注',
  perm_code varchar(50) DEFAULT NULL COMMENT '权限编码',
  sort smallint(5) DEFAULT 100 COMMENT '排序',
  status TINYINT(1) NOT NULL DEFAULT '0' COMMENT '0是启用,1是禁用',
  create_time TIMESTAMP COMMENT '创建时间',
  update_time TIMESTAMP COMMENT '更新时间',
  PRIMARY KEY(id)
) ENGINE=InnoDB DEFAULT CHARSET=UTF8 COMMENT '权限表';

-- ----------------------------
-- 权限表数据
-- ----------------------------
INSERT INTO `sys_permission` VALUES ('1321698585010310000', '0', '系统管理', NULL, NULL, 100, 0, '2020-10-29 14:21:58', '2020-10-29 14:21:13');
INSERT INTO `sys_permission` VALUES ('1321698585010315265', '1321698585010310000', '用户管理', NULL, NULL, 100, 0, '2020-10-29 14:21:58', '2020-10-29 14:21:13');
INSERT INTO `sys_permission` VALUES ('1321698672767737858', '1321698585010310000', '角色管理', NULL, NULL, 101, 0, '2020-10-29 14:22:26', '2020-10-29 14:21:34');
INSERT INTO `sys_permission` VALUES ('1321698698013253634', '1321698585010310000', '权限管理', NULL, NULL, 102, 0, '2020-10-29 14:22:30', '2020-10-29 14:21:40');
INSERT INTO `sys_permission` VALUES ('1321698720280813570', '1321698585010310000', '菜单管理', NULL, NULL, 103, 0, '2020-10-29 14:22:35', '2020-10-29 14:21:45');
INSERT INTO `sys_permission` VALUES ('1321701314659184642', '1321698585010315265', '添加用户', NULL, 'user:add', 100, 0, '2020-10-29 15:56:17', '2020-10-29 15:56:15');
INSERT INTO `sys_permission` VALUES ('1321701518804348929', '1321698585010315265', '删除用户', NULL, 'user:delete', 101, 0, '2020-10-29 15:56:20', '2020-10-29 15:56:18');
INSERT INTO `sys_permission` VALUES ('1321701578669649921', '1321698585010315265', '修改用户', NULL, 'user:update', 102, 0, '2020-10-29 15:56:24', '2020-10-29 15:56:23');
INSERT INTO `sys_permission` VALUES ('1321701699717263362', '1321698585010315265', '查看用户', NULL, 'user:select', 103, 0, '2020-10-29 15:56:27', '2020-10-29 15:56:26');
INSERT INTO `sys_permission` VALUES ('1321702222080077826', '1321698585010315265', '修改用户角色', NULL, 'user:distribution', 104, 0, '2020-10-29 15:56:30', '2020-10-29 15:56:28');
INSERT INTO `sys_permission` VALUES ('1321702437486948354', '1321698672767737858', '添加角色', NULL, 'role:add', 100, 0, '2020-10-29 15:56:33', '2020-10-29 15:56:31');
INSERT INTO `sys_permission` VALUES ('1321702511340253185', '1321698672767737858', '删除角色', NULL, 'role:delete', 101, 0, '2020-10-29 15:56:35', '2020-10-29 15:56:34');
INSERT INTO `sys_permission` VALUES ('1321702558584893442', '1321698672767737858', '修改角色', NULL, 'role:update', 102, 0, '2020-10-29 15:56:37', '2020-10-29 15:56:36');
INSERT INTO `sys_permission` VALUES ('1321702602918686722', '1321698672767737858', '查看角色', NULL, 'role:select', 103, 0, '2020-10-29 15:56:41', '2020-10-29 15:56:39');
INSERT INTO `sys_permission` VALUES ('1321702729473421314', '1321698672767737858', '修改角色权限', NULL, 'role:distribution', 104, 0, '2020-10-29 15:56:44', '2020-10-29 15:56:42');
INSERT INTO `sys_permission` VALUES ('1321703020411318273', '1321698698013253634', '添加权限', NULL, 'permission:add', 100, 0, '2020-10-29 15:56:47', '2020-10-29 15:56:45');
INSERT INTO `sys_permission` VALUES ('1321703092054224897', '1321698698013253634', '删除权限', NULL, 'permission:delete', 101, 0, '2020-10-29 15:56:50', '2020-10-29 15:56:48');
INSERT INTO `sys_permission` VALUES ('1321703143656747010', '1321698698013253634', '修改权限', NULL, 'permission:update', 102, 0, '2020-10-29 15:56:52', '2020-10-29 15:56:51');
INSERT INTO `sys_permission` VALUES ('1321703175218884609', '1321698698013253634', '查看权限', NULL, 'permission:select', 103, 0, '2020-10-29 15:56:54', '2020-10-29 15:56:53');




